{
    "accuracy": 0.9583333333333334,
    "f1_score": 0.9742268041237113
}